num,title,director,actors,country,language,score,commentors,releasedate,runtime,series,commente
1,肖申克的救赎,弗兰克·德拉邦特,"['蒂姆·罗宾斯', '摩根·弗里曼', '鲍勃·冈顿', '威廉姆·赛德勒']",美国,英语,9.6,1389321,1994-09-10(多伦多电影节),142分钟,"['剧情', '犯罪']",希望让人自由。
2,霸王别姬,陈凯歌,"['张国荣', '张丰毅', '巩俐', '葛优']",中国大陆 / 香港,汉语普通话,9.6,1028600,1993-01-01(香港),171 分钟,"['剧情', '爱情', '同性']",风华绝代。
3,这个杀手不太冷,吕克·贝松,"['让·雷诺', '娜塔莉·波特曼', '加里·奥德曼', '丹尼·爱罗']",法国,英语 / 意大利语 / 法语,9.4,1269235,1994-09-14(法国),110分钟(剧场版),"['剧情', '动作', '犯罪']",怪蜀黍和小萝莉不得不说的故事。
4,阿甘正传,罗伯特·泽米吉斯,"['汤姆·汉克斯', '罗宾·怀特', '加里·西尼斯', '麦凯尔泰·威廉逊']",美国,英语,9.4,1094307,1994-06-23(洛杉矶首映),142分钟,"['剧情', '爱情']",一部美国近现代史。
5,美丽人生,罗伯托·贝尼尼,"['罗伯托·贝尼尼', '尼可莱塔·布拉斯基', '乔治·坎塔里尼', '朱斯蒂诺·杜拉诺']",意大利,意大利语 / 德语 / 英语,9.5,640198,1997-12-20(意大利),116分钟,"['剧情', '喜剧', '爱情', '战争']",最美的谎言。
6,泰坦尼克号,詹姆斯·卡梅隆,"['莱昂纳多·迪卡普里奥', '凯特·温丝莱特', '比利·赞恩', '凯西·贝茨']",美国,英语 / 意大利语 / 德语 / 俄语,9.3,1034552,1998-04-03(中国大陆),194分钟,"['剧情', '爱情', '灾难']",失去的才是永恒的。
7,千与千寻,宫崎骏,"['柊瑠美', '入野自由', '夏木真理', '菅原文太']",日本,日语,9.3,1020320,2001-07-20(日本),125分钟,"['剧情', '动画', '奇幻']",最好的宫崎骏，最好的久石让。
8,辛德勒的名单,史蒂文·斯皮尔伯格,"['连姆·尼森', '本·金斯利', '拉尔夫·费因斯', '卡罗琳·古多尔']",美国,英语 / 希伯来语 / 德语 / 波兰语,9.5,571216,1993-11-30(华盛顿首映),195分钟,"['剧情', '历史', '战争']",拯救一个人，就是拯救整个世界。
9,盗梦空间,克里斯托弗·诺兰,"['莱昂纳多·迪卡普里奥', '约瑟夫·高登-莱维特', '艾伦·佩吉', '汤姆·哈迪']",美国 / 英国,英语 / 日语 / 法语,9.3,1101674,2010-09-01(中国大陆),148分钟,"['剧情', '科幻', '悬疑', '冒险']",诺兰给了我们一场无法盗取的梦。
10,忠犬八公的故事,拉斯·霍尔斯道姆,"['理查·基尔', '萨拉·罗默尔', '琼·艾伦', '罗比·萨布莱特']",美国 / 英国,英语 / 日语,9.3,724958,2009-06-13(西雅图电影节),93分钟,['剧情'],永远都不能忘记你所爱的人。
11,机器人总动员,安德鲁·斯坦顿,"['本·贝尔特', '艾丽莎·奈特', '杰夫·格尔林', '佛莱德·威拉特']",美国,英语,9.3,730071,2008-06-27(美国),98分钟,"['爱情', '科幻', '动画', '冒险']",小瓦力，大人生。
12,三傻大闹宝莱坞,拉吉库马尔·希拉尼,"['阿米尔·汗', '卡琳娜·卡普尔', '马达范', '沙尔曼·乔希']",印度,印地语 / 乌尔都语 / 英语,9.2,988850,2011-12-08(中国大陆),171分钟(印度),"['剧情', '喜剧', '爱情', '歌舞']",英俊版憨豆，高情商版谢耳朵。
13,海上钢琴师,朱塞佩·托纳多雷,"['蒂姆·罗斯', '普路特·泰勒·文斯', '比尔·努恩', '克兰伦斯·威廉姆斯三世']",意大利,英语 / 法语 / 意大利语,9.2,812257,1998-10-28(意大利),165分钟,"['剧情', '音乐']",每个人都要走一条自己坚定了的路，就算是粉身碎骨。
14,放牛班的春天,克里斯托夫·巴拉蒂,"['热拉尔·朱尼奥', '弗朗索瓦·贝莱昂', '凯德·麦拉德', '让-保罗·博奈雷']",法国 / 瑞士 / 德国,法语,9.3,684295,2004-10-16(中国大陆),97分钟,"['剧情', '音乐']",天籁一般的童声，是最接近上帝的存在。
15,楚门的世界,彼得·威尔,"['金·凯瑞', '劳拉·琳妮', '艾德·哈里斯', '诺亚·艾默里奇']",美国,英语,9.2,754821,1998-06-05(美国),103分钟,"['剧情', '科幻']",如果再也不能见到你，祝你早安，午安，晚安。
16,大话西游之大圣娶亲,刘镇伟,"['周星驰', '吴孟达', '朱茵', '蔡少芬']",香港 / 中国大陆,粤语 / 汉语普通话,9.2,764469,2014-10-24(中国大陆),95分钟,"['喜剧', '爱情', '奇幻', '古装']",一生所爱。
17,星际穿越,克里斯托弗·诺兰,"['马修·麦康纳', '安妮·海瑟薇', '杰西卡·查斯坦', '卡西·阿弗莱克']",美国 / 英国 / 加拿大 / 冰岛,英语,9.2,784139,2014-11-12(中国大陆),169分钟,"['剧情', '科幻', '冒险']",爱是一种力量，让我们超越时空感知它的存在。
18,龙猫,宫崎骏,"['日高法子', '坂本千夏', '糸井重里', '岛本须美']",日本,日语,9.2,675975,2018-12-14(中国大陆),86分钟,"['动画', '奇幻', '冒险']",人人心中都有个龙猫，童年就永远不会消失。
19,教父,弗朗西斯·福特·科波拉,"['马龙·白兰度', '阿尔·帕西诺', '詹姆斯·肯恩', '理查德·卡斯特尔诺']",美国,英语 / 意大利语 / 拉丁语,9.2,496323,1972-03-15(纽约首映),175 分钟,"['剧情', '犯罪']",千万不要记恨你的对手，这样会让你失去理智。
20,熔炉,黄东赫,"['孔侑', '郑有美', '金志映', '金贤秀']",韩国,韩语,9.3,441287,2011-09-22(韩国),125分钟,['剧情'],我们一路奋战不是为了改变世界，而是为了不让世界改变我们。
21,无间道,刘伟强,"['刘德华', '梁朝伟', '黄秋生', '曾志伟']",香港,粤语,9.1,627510,2003-09-05(中国大陆),101分钟,"['剧情', '悬疑', '犯罪']",香港电影史上永不过时的杰作。
22,疯狂动物城,拜伦·霍华德,"['金妮弗·古德温', '杰森·贝特曼', '伊德里斯·艾尔巴', '珍妮·斯蕾特']",美国,英语 / 挪威语,9.2,860740,2016-03-04(中国大陆/美国),109分钟(中国大陆),"['喜剧', '动画', '冒险']",迪士尼给我们营造的乌托邦就是这样，永远善良勇敢，永远出乎意料。
23,当幸福来敲门,加布里埃莱·穆奇诺,"['威尔·史密斯', '贾登·史密斯', '坦迪·牛顿', '布莱恩·豪威 ']",美国,英语 / 粤语,9.0,799839,2008-01-17(中国大陆),117分钟,"['剧情', '家庭', '传记']",平民励志片。
24,怦然心动,罗伯·莱纳,"['玛德琳·卡罗尔', '卡兰·麦克奥利菲', '瑞贝卡·德·莫妮', '安东尼·爱德华兹']",美国,英语,9.0,882774,2010-07-26(好莱坞首映),90分钟,"['剧情', '喜剧', '爱情']",真正的幸福是来自内心深处。
25,触不可及,奥利维埃·纳卡什,"['弗朗索瓦·克鲁塞', '奥玛·希', '安娜·勒尼', '奥德雷·弗勒罗']",法国,法语,9.2,528091,2011-11-02(法国),112分钟,"['剧情', '喜剧']",满满温情的高雅喜剧。
26,乱世佳人,维克多·弗莱明,"['费雯·丽', '克拉克·盖博', '奥利维娅·德哈维兰', '托马斯·米切尔']",美国,英语,9.2,368575,1939-12-15(亚特兰大首映),238分钟,"['剧情', '爱情', '历史', '战争']",Tomorrow is another day.
27,蝙蝠侠：黑暗骑士,克里斯托弗·诺兰,"['克里斯蒂安·贝尔', '希斯·莱杰', '艾伦·艾克哈特', '迈克尔·凯恩']",美国 / 英国,英语 / 汉语普通话,9.1,509755,2008-07-14(纽约首映),152分钟,"['剧情', '动作', '科幻', '惊悚', '犯罪']",无尽的黑暗。
28,活着,张艺谋,"['葛优', '巩俐', '姜武', '牛犇']",中国大陆 / 香港,汉语普通话,9.2,408755,1994-05-17(戛纳电影节),132分钟,"['剧情', '家庭', '历史']",张艺谋最好的电影。
29,少年派的奇幻漂流,李安,"['苏拉·沙玛', '伊尔凡·可汗', '拉菲·斯波', '阿迪勒·侯赛因']",美国 / 台湾 / 英国 / 加拿大,英语 / 泰米尔语 / 法语 / 日语 / 印地语 / 汉语普通话,9.0,799964,2012-11-22(中国大陆),127分钟,"['剧情', '奇幻', '冒险']",瑰丽壮观、无人能及的冒险之旅。
30,控方证人,比利·怀德,"['泰隆·鲍华', '玛琳·黛德丽', '查尔斯·劳顿', '爱尔莎·兰切斯特']",美国,英语 / 德语,9.6,174586,1957-12-17(美国),116分钟,"['剧情', '悬疑', '犯罪']",比利·怀德满分作品。
31,天堂电影院,朱塞佩·托纳多雷,"['安东内拉·阿蒂利', '恩佐·卡拉瓦勒', '艾萨·丹尼埃利', '里奥·故罗塔']",意大利 / 法国,意大利语,9.2,396386,1988-11-17(意大利),155分钟,"['剧情', '爱情']",那些吻戏，那些青春，都在影院的黑暗里被泪水冲刷得无比清晰。
32,鬼子来了,姜文,"['姜文', '香川照之', '袁丁', '姜宏波']",中国大陆,汉语普通话 / 日语 / 唐山话,9.2,334375,2000-05-12(戛纳电影节),139分钟,"['剧情', '历史', '战争']",对敌人的仁慈，就是对自己残忍。
33,指环王3：王者无敌,彼得·杰克逊,"['维果·莫腾森', '伊莱贾·伍德', '西恩·奥斯汀', '丽芙·泰勒']",美国 / 新西兰,英语 / 昆雅语 / 古英语 / 辛达林语,9.1,401140,2004-03-12(中国大陆),201分钟,"['剧情', '动作', '奇幻', '冒险']",史诗的终章。
34,十二怒汉,西德尼·吕美特,"['亨利·方达', '马丁·鲍尔萨姆', '约翰·菲德勒', '李·科布']",美国,英语,9.4,238112,1957-04-13(美国),96 分钟,['剧情'],1957年的理想主义。
35,天空之城,宫崎骏,"['田中真弓', '横泽启子', '初井言荣', '寺田农']",日本,日语,9.1,469813,1992(中国大陆),125分钟,"['动画', '奇幻', '冒险']",对天空的追逐，永不停止。
36,摔跤吧！爸爸,涅提·蒂瓦里,"['阿米尔·汗', '法缇玛·萨那·纱卡', '桑亚·玛荷塔', '阿帕尔夏克提·库拉那']",印度,印地语,9.1,763600,2017-05-05(中国大陆),161分钟(印度),"['剧情', '家庭', '传记', '运动']",你不是在为你一个人战斗，你要让千千万万的女性看到女生并不是只能相夫教子。
37,飞屋环游记,彼特·道格特,"['爱德华·阿斯纳', '克里斯托弗·普卢默', '乔丹·长井', '鲍勃·彼德森']",美国,英语,8.9,715735,2009-08-04(中国大陆),96分钟,"['剧情', '喜剧', '动画', '冒险']",最后那些最无聊的事情，才是最值得怀念的。
38,大话西游之月光宝盒,刘镇伟,"['周星驰', '吴孟达', '罗家英', '蓝洁瑛']",香港 / 中国大陆,粤语 / 汉语普通话,8.9,616988,2014-10-24(中国大陆),87分钟,"['喜剧', '爱情', '奇幻', '古装']",旷古烁今。
39,搏击俱乐部,大卫·芬奇,"['爱德华·诺顿', '布拉德·皮特', '海伦娜·伯翰·卡特', '扎克·格雷尼尔']",美国 / 德国,英语,9.0,514063,1999-09-10(威尼斯电影节),139 分钟,"['剧情', '动作', '悬疑', '惊悚']",邪恶与平庸蛰伏于同一个母体，在特定的时间互相对峙。
40,罗马假日,威廉·惠勒,"['奥黛丽·赫本', '格利高里·派克', '埃迪·艾伯特', '哈特利·鲍尔']",美国,英语 / 意大利语 / 德语,9.0,535651,1953-09-02(美国),118分钟,"['剧情', '喜剧', '爱情']",爱情哪怕只有一天。
41,哈尔的移动城堡,宫崎骏,"['倍赏千惠子', '木村拓哉', '美轮明宏', '我修院达也']",日本,日语,9.0,519129,2004-09-05(威尼斯电影节),119分钟,"['动画', '奇幻', '冒险']",带着心爱的人在天空飞翔。
42,闻香识女人,马丁·布莱斯特,"['阿尔·帕西诺', '克里斯·奥唐纳', '詹姆斯·瑞布霍恩', '加布里埃尔·安瓦尔']",美国,英语,9.0,457387,1992-12-23(美国),157 分钟,['剧情'],史上最美的探戈。
43,辩护人,杨宇硕,"['宋康昊', '吴达洙', '金英爱', '郭度沅']",韩国,韩语,9.2,316128,2013-12-18(韩国),127分钟,['剧情'],电影的现实意义大过电影本身。
44,窃听风暴,弗洛里安·亨克尔·冯·多纳斯马尔克,"['乌尔里希·穆埃', '马蒂娜·格德克', '塞巴斯蒂安·科赫', '乌尔里希·图库尔']",德国,德语,9.1,317660,2006-03-23(德国),137分钟,"['剧情', '悬疑']",别样人生。
45,两杆大烟枪,盖·里奇,"['杰森·弗莱明', '德克斯特·弗莱彻', '尼克·莫兰', '杰森·斯坦森']",英国,英语,9.1,352020,1998-08-28(英国),107分钟,"['剧情', '喜剧', '犯罪']",4个臭皮匠顶个诸葛亮，盖·里奇果然不是盖的。
46,末代皇帝,贝纳尔多·贝托鲁奇,"['尊龙', '陈冲', '邬君梅', '彼得·奥图尔']",英国 / 意大利 / 中国大陆 / 法国 / 美国,英语 / 汉语普通话 / 日语 / 俄语,9.1,307774,1987-10-04(东京国际电影节),163分钟,"['剧情', '传记', '历史']",“不要跟我比惨，我比你更惨”再适合这部电影不过了。
47,飞越疯人院,米洛斯·福尔曼,"['杰克·尼科尔森', '丹尼·德维托', '克里斯托弗·洛伊德', '路易丝·弗莱彻']",美国,英语,9.1,354705,1975-11-19(美国),133分钟,['剧情'],自由万岁。
48,死亡诗社,彼得·威尔,"['罗宾·威廉姆斯', '罗伯特·肖恩·莱纳德', '伊桑·霍克', '乔西·查尔斯']",美国,英语 / 拉丁语,9.0,388386,1989-06-02(多伦多首映),128 分钟,['剧情'],当一个死水般的体制内出现一个活跃的变数时，所有的腐臭都站在了光明的对面。
49,指环王2：双塔奇兵,彼得·杰克逊,"['伊莱贾·伍德', '西恩·奥斯汀', '伊恩·麦克莱恩', '维果·莫腾森']",美国 / 新西兰,英语 / 辛达林语 / 古代英语,9.0,376713,2003-04-25(中国大陆),179分钟,"['剧情', '动作', '奇幻', '冒险']",承前启后的史诗篇章。
50,素媛,李濬益,"['薛耿求', '严志媛', '李来', '金海淑']",韩国,韩语,9.2,285557,2013-10-02(韩国),123分钟,['剧情'],受过伤害的人总是笑得最开心，因为他们不愿意让身边的人承受一样的痛苦。
51,V字仇杀队,詹姆斯·麦克特格,"['娜塔莉·波特曼', '雨果·维文', '斯蒂芬·瑞', '斯蒂芬·弗雷']",美国 / 英国 / 德国,英语,8.8,593229,2005-12-11(BNAT电影节),132分钟,"['剧情', '动作', '科幻', '惊悚']",一张面具背后的理想与革命。
52,教父2,弗朗西斯·福特·科波拉,"['阿尔·帕西诺', '罗伯特·杜瓦尔', '黛安·基顿', '罗伯特·德尼罗']",美国,英语 / 意大利语 / 西班牙语 / 拉丁语 / 西西里语,9.2,268942,1974-12-12(纽约首映),202分钟,"['剧情', '犯罪']",优雅的孤独。
53,寻梦环游记,李·昂克里奇,"['安东尼·冈萨雷斯', '盖尔·加西亚·贝纳尔', '本杰明·布拉特', '阿兰纳·乌巴奇']",美国,英语 / 西班牙语,9.0,727590,2017-11-24(中国大陆),105分钟,"['喜剧', '动画', '音乐', '奇幻']",死亡不是真的逝去，遗忘才是永恒的消亡。
54,指环王1：魔戒再现,彼得·杰克逊,"['伊莱贾·伍德', '西恩·奥斯汀', '伊恩·麦克莱恩', '维果·莫腾森']",新西兰 / 美国,英语 / 辛达林语,9.0,422220,2002-04-04(中国大陆),178分钟,"['剧情', '动作', '奇幻', '冒险']",传说的开始。
55,海豚湾,路易·西霍尤斯,"[""Richard O'Barry"", '路易·西霍尤斯', 'Hardy Jones', 'Michael Illiff']",美国,英语 / 日语,9.3,233823,2009-07-31(美国),92分钟,['纪录片'],海豚的微笑，是世界上最高明的伪装。
56,饮食男女,李安,"['郎雄', '杨贵媚', '吴倩莲', '王渝文']",台湾 / 美国,汉语普通话 / 闽南语 / 湖南话,9.1,289347,1994-08-03(美国),124分钟,"['剧情', '家庭']",人生不能像做菜，把所有的料都准备好了才下锅。
57,美丽心灵,朗·霍华德,"['罗素·克劳', '艾德·哈里斯', '詹妮弗·康纳利', '克里斯托弗·普卢默']",美国,英语,8.9,411658,2001-12-13(加州首映),135分钟,"['剧情', '传记']",爱是一切逻辑和原由。
58,狮子王,罗杰·阿勒斯,"['乔纳森·泰勒·托马斯', '马修·布罗德里克', '杰瑞米·艾恩斯', '詹姆斯·厄尔·琼斯']",美国,英语 / 斯瓦希里语 / 科萨语 / 祖鲁语,9.0,401702,1995-07-15(中国大陆),89 分钟,"['剧情', '动画', '歌舞', '家庭', '冒险']",动物版《哈姆雷特》。
59,情书,岩井俊二,"['中山美穗', '丰川悦司', '酒井美纪', '柏原崇']",日本,日语,8.9,512135,1999-03(中国大陆),117分钟,"['剧情', '爱情']",暗恋的极致。
60,钢琴家,罗曼·波兰斯基,"['艾德里安·布洛迪', '托马斯·克莱舒曼', '艾米莉娅·福克斯', '米哈乌·热布罗夫斯基']",法国 / 德国 / 英国 / 波兰,英语 / 德语 / 俄语,9.1,271530,2002-05-24(戛纳电影节),150分钟,"['剧情', '音乐', '传记', '历史', '战争']",音乐能化解仇恨。
61,本杰明·巴顿奇事,大卫·芬奇,"['凯特·布兰切特', '布拉德·皮特', '朱莉娅·奥蒙德', '芳妮·A·钱勃丝']",美国,英语 / 俄语 / 法语,8.8,537012,2008-12-25(美国),166分钟,"['剧情', '爱情', '奇幻']",在时间之河里感受溺水之苦。
62,美国往事,赛尔乔·莱昂内,"['罗伯特·德尼罗', '詹姆斯·伍兹', '伊丽莎白·麦戈文', '乔·佩西']",意大利 / 美国,英语 / 法语 / 意大利语,9.1,232766,1984-02-17(波士顿首映),229分钟(导演剪辑版),"['剧情', '犯罪']",往事如烟，无处祭奠。
63,看不见的客人,奥里奥尔·保罗,"['马里奥·卡萨斯', '阿娜·瓦格纳', '何塞·科罗纳多', '巴巴拉·莱涅']",西班牙,西班牙语,8.8,568868,2017-09-15(中国大陆),106分钟,"['剧情', '悬疑', '惊悚', '犯罪']",你以为你以为的就是你以为的。
64,黑客帝国,莉莉·沃卓斯基,"['基努·里维斯', '凯瑞-安·莫斯', '劳伦斯·菲什伯恩', '雨果·维文']",美国 / 澳大利亚,英语,8.9,401618,1999-03-31(美国),136分钟,"['动作', '科幻']",视觉革命。
65,小鞋子,马基德·马基迪,"['法拉赫阿米尔·哈什米安', '默罕默德·阿米尔·纳吉', '巴哈丽·西迪奇', '纳菲丝·贾法-穆罕默迪']",伊朗,波斯语,9.2,199353,1997-02(伊朗),89分钟,"['剧情', '家庭', '儿童']",奔跑的孩子是天使。
66,西西里的美丽传说,朱塞佩·托纳多雷,"['莫妮卡·贝鲁奇', '朱塞佩·苏尔法罗', 'Luciano Federico', '玛蒂尔德·皮亚纳']",意大利 / 美国,意大利语 / 英语 / 拉丁语 / 古希腊语,8.8,507952,2000-10-27(意大利),109 分钟,"['剧情', '情色', '战争']",美丽无罪。
67,大闹天宫,万籁鸣,"['邱岳峰', '富润生', '毕克', '尚华']",中国大陆,汉语普通话,9.3,165973,1961(中国大陆),114分钟,"['动画', '奇幻']",经典之作，历久弥新。
68,让子弹飞,姜文,"['姜文', '葛优', '周润发', '刘嘉玲']",中国大陆 / 香港,汉语普通话 / 四川话 / 山西话,8.7,875712,2010-12-16(中国大陆),132分钟,"['剧情', '喜剧', '动作', '西部']",你给我翻译翻译，神马叫做TMD的惊喜。
69,拯救大兵瑞恩,史蒂文·斯皮尔伯格,"['汤姆·汉克斯', '汤姆·塞兹摩尔', '爱德华·伯恩斯', '巴里·佩珀']",美国,英语 / 法语 / 德语 / 捷克语,8.9,342339,1998-07-24(美国),169分钟,"['剧情', '历史', '战争']",美利坚精神输出大片No1.
70,哈利·波特与魔法石,克里斯·哥伦布,"['丹尼尔·雷德克里夫', '艾玛·沃森', '鲁伯特·格林特', '艾伦·瑞克曼']",美国 / 英国,英语,8.9,420758,2002-01-26(中国大陆),152分钟,"['奇幻', '冒险']",童话世界的开端。
71,致命魔术,克里斯托弗·诺兰,"['休·杰克曼', '克里斯蒂安·贝尔', '迈克尔·凯恩', '丽贝卡·豪尔']",美国 / 英国,英语,8.8,466378,2006-10-20(美国),130分钟,"['剧情', '悬疑', '惊悚']",孪生蝙蝠侠大战克隆金刚狼。
72,七宗罪,大卫·芬奇,"['摩根·弗里曼', '布拉德·皮特', '凯文·史派西', '格温妮斯·帕特洛']",美国,英语 / 葡萄牙语,8.8,560037,1995-09-22(美国),127分钟,"['剧情', '悬疑', '惊悚', '犯罪']",警察抓小偷，老鼠玩死猫。
73,被嫌弃的松子的一生,中岛哲也,"['中谷美纪', '瑛太', '香川照之', '市川实日子']",日本,日语,8.9,413769,2006-05-27(日本),130 分钟,"['剧情', '歌舞']",以戏谑来戏谑戏谑。
74,音乐之声,罗伯特·怀斯,"['朱莉·安德鲁斯', '克里斯托弗·普卢默', '埃琳诺·帕克', '理查德·海顿']",美国,英语 / 德语,9.0,315021,1965-03-02(美国),174分钟,"['剧情', '爱情', '歌舞', '传记']",用音乐化解仇恨，让歌声串起美好。
75,低俗小说,昆汀·塔伦蒂诺,"['约翰·特拉沃尔塔', '乌玛·瑟曼', '阿曼达·普拉莫', '蒂姆·罗斯']",美国,英语 / 西班牙语 / 法语,8.8,459920,1994-05-12(戛纳电影节),154分钟,"['剧情', '喜剧', '犯罪']",故事的高级讲法。
76,天使爱美丽,让-皮埃尔·热内,"['奥黛丽·塔图', '马修·卡索维茨', '吕菲斯', '洛莱拉·克拉沃塔']",法国 / 德国,法语 / 俄语,8.7,622677,2001-04-25(法国),122分钟,"['喜剧', '爱情']",法式小清新。
77,沉默的羔羊,乔纳森·戴米,"['朱迪·福斯特', '安东尼·霍普金斯', '斯科特·格伦', '安东尼·希尔德']",美国,英语,8.8,466102,1991-02-14(美国),118分钟,"['剧情', '惊悚', '犯罪']",安东尼·霍普金斯的顶级表演。
78,勇敢的心,梅尔·吉布森,"['梅尔·吉布森', '苏菲·玛索', '布莱恩·考克斯', '詹姆斯·卡沙莫']",美国,英语 / 法语 / 拉丁语 / 苏格兰盖尔语,8.9,369676,1995-05-18(西雅图电影节),177 分钟,"['剧情', '动作', '传记', '历史', '战争']",史诗大片的典范。
79,猫鼠游戏,史蒂文·斯皮尔伯格,"['莱昂纳多·迪卡普里奥', '汤姆·汉克斯', '克里斯托弗·沃肯', '马丁·辛']",美国 / 加拿大,英语 / 法语,8.9,358492,2002-12-16(洛杉矶首映),141 分钟,"['剧情', '传记', '犯罪']",骗子大师和执著警探的你追我跑故事。
80,蝴蝶效应,埃里克·布雷斯,"['阿什顿·库彻', '梅洛拉·沃尔特斯', '艾米·斯马特', '埃尔登·汉森']",美国 / 加拿大,英语,8.7,512970,2004-01-23(美国),113分钟,"['剧情', '科幻', '悬疑', '惊悚']",人的命运被自己瞬间的抉择改变。
81,剪刀手爱德华,蒂姆·波顿,"['约翰尼·德普', '薇诺娜·瑞德', '黛安·韦斯特', '安东尼·迈克尔·豪尔']",美国,英语,8.7,637311,1990-12-06(美国),105分钟,"['剧情', '爱情', '奇幻']",浪漫忧郁的成人童话。
82,春光乍泄,王家卫,"['张国荣', '梁朝伟', '张震']",香港 / 日本 / 韩国,粤语 / 汉语普通话 / 西班牙语,8.9,341459,1997-05-17(戛纳电影节),96分钟,"['剧情', '爱情', '同性']",爱情纠缠，男女一致。
83,心灵捕手,格斯·范·桑特,"['马特·达蒙', '罗宾·威廉姆斯', '本·阿弗莱克', '斯特兰·斯卡斯加德']",美国,英语,8.8,373898,1997-12-05(美国),126 分钟,['剧情'],人生中应该拥有这样的一段豁然开朗。
84,禁闭岛,马丁·斯科塞斯,"['莱昂纳多·迪卡普里奥', '马克·鲁弗洛', '本·金斯利', '马克斯·冯·叙多夫']",美国,英语 / 德语,8.7,498369,2010-02-13(柏林电影节),138 分钟,"['剧情', '悬疑', '惊悚']",昔日翩翩少年，今日大腹便便。
85,布达佩斯大饭店,韦斯·安德森,"['拉尔夫·费因斯', '托尼·雷沃罗利', '艾德里安·布洛迪', '威廉·达福']",美国 / 德国 / 英国,英语 / 法语 / 德语,8.8,461503,2014-02-06(柏林电影节),99分钟,"['剧情', '喜剧', '冒险']",小清新的故事里注入了大历史的情怀。
86,穿条纹睡衣的男孩,马克·赫尔曼,"['阿萨·巴特菲尔德', '维拉·法米加', '卡拉·霍根', '祖萨·霍尔']",英国 / 美国,英语 / 西班牙语,9.0,228455,2008-09-12(英国),94分钟,"['剧情', '战争']",尽管有些不切实际的幻想，这部电影依旧是一部感人肺腑的佳作。
87,入殓师,泷田洋二郎,"['本木雅弘', '广末凉子', '山崎努', '吉行和子']",日本,日语,8.8,386000,2008-09-13(日本),130 分钟,['剧情'],死可能是一道门，逝去并不是终结，而是超越，走向下一程。
88,阿凡达,詹姆斯·卡梅隆,"['萨姆·沃辛顿', '佐伊·索尔达娜', '西格妮·韦弗', '史蒂芬·朗']",美国 / 英国,英语 / 西班牙语,8.7,732025,2010-01-04(中国大陆),162分钟,"['动作', '科幻', '战争', '冒险']",绝对意义上的美轮美奂。
89,幽灵公主,宫崎骏,"['松田洋治', '石田百合子', '田中裕子', '小林薰']",日本,日语,8.8,313705,1997-07-12(日本),134分钟,"['动画', '奇幻', '冒险']",人与自然的战争史诗。
90,阳光灿烂的日子,姜文,"['夏雨', '宁静', '陶虹', '耿乐']",中国大陆 / 香港,汉语普通话,8.8,359060,1995-08-21(中国大陆),134分钟(中国大陆),"['剧情', '爱情']",一场华丽的意淫。
91,致命ID,詹姆斯·曼高德,"['约翰·库萨克', '雷·利奥塔', '阿曼达·皮特', '阿尔弗雷德·莫里纳']",美国,英语,8.7,427470,2003-04-25(美国),90分钟,"['剧情', '悬疑', '惊悚']",最不可能的那个人永远是最可能的。
92,第六感,M·奈特·沙马兰,"['布鲁斯·威利斯', '海利·乔·奥斯蒙', '托妮·科莱特', '奥莉维亚·威廉姆斯']",美国,英语 / 拉丁语 / 西班牙语,8.8,307481,1999-08-06(美国),107分钟,"['剧情', '悬疑', '惊悚']",深入内心的恐怖，出人意料的结局。
93,加勒比海盗,戈尔·维宾斯基,"['约翰尼·德普', '杰弗里·拉什', '奥兰多·布鲁姆', '凯拉·奈特莉']",美国,英语,8.7,481537,2003-11-21(中国大陆),143 分钟,"['动作', '奇幻', '冒险']",约翰尼·德普的独角戏。
94,狩猎,托马斯·温特伯格,"['麦斯·米科尔森', '托玛斯·博·拉森', '安妮卡·韦德科普', '拉丝·弗格斯托姆']",丹麦 / 瑞典,丹麦语 / 英语 / 波兰语,9.1,184429,2012-05-20(戛纳电影节),115分钟,['剧情'],人言可畏。
95,玛丽和马克思,亚当·艾略特,"['托妮·科莱特', '菲利普·塞默·霍夫曼', '巴瑞·哈姆弗莱斯', '艾瑞克·巴纳']",澳大利亚,英语 / 意第绪语,8.9,278206,2009-01-15(圣丹斯电影节),92分钟,"['剧情', '喜剧', '动画']",你是我最好的朋友，你是我唯一的朋友 。
96,断背山,李安,"['希斯·莱杰', '杰克·吉伦哈尔', '米歇尔·威廉姆斯', '安妮·海瑟薇']",美国 / 加拿大,英语,8.7,422461,2005-09-02(威尼斯电影节),134分钟,"['剧情', '爱情', '同性', '家庭']",每个人心中都有一座断背山。
97,重庆森林,王家卫,"['林青霞', '金城武', '梁朝伟', '王菲']",香港,粤语 / 汉语普通话 / 英语 / 印地语 / 日语,8.7,439895,1994-07-14(香港),102分钟,"['剧情', '爱情']",寂寞没有期限。
98,摩登时代,查理·卓别林,"['查理·卓别林', '宝莲·高黛', '亨利·伯格曼', 'Tiny Sandford']",美国,英语,9.2,134437,1936-02-25(美国),87分钟,"['剧情', '喜剧', '爱情']",大时代中的人生，小人物的悲喜。
99,喜剧之王,周星驰,"['周星驰', '张柏芝', '莫文蔚', '吴孟达']",香港,粤语,8.7,468550,1999-02-13(香港),85分钟,"['剧情', '喜剧', '爱情']",我是一个演员。
100,告白,中岛哲也,"['松隆子', '冈田将生', '木村佳乃', '西井幸人']",日本,日语,8.7,441851,2010-06-05(日本),106分钟,"['剧情', '惊悚']",没有一人完全善，也没有一人完全恶。
101,大鱼,蒂姆·波顿,"['伊万·麦克格雷格', '阿尔伯特·芬尼', '比利·克鲁德普', '杰西卡·兰格']",美国,英语 / 法语 / 俄语 / 粤语 / 汉语普通话,8.8,327331,2003-12-04(纽约首映),125 分钟,"['剧情', '家庭', '奇幻', '冒险']",抱着梦想而活着的人是幸福的，怀抱梦想而死去的人是不朽的。
102,消失的爱人,大卫·芬奇,"['本·阿弗莱克', '裴淳华', '尼尔·帕特里克·哈里斯', '凯莉·库恩']",美国,英语,8.7,489430,2014-09-26(纽约电影节),149分钟,"['剧情', '悬疑', '惊悚', '犯罪']",年度最佳date movie。
103,一一,杨德昌,"['吴念真', '李凯莉', '金燕玲', '张洋洋']",台湾 / 日本,汉语普通话 / 闽南语 / 英语 / 日语,9.0,199181,2000-05-14(戛纳电影节),173分钟,"['剧情', '爱情', '家庭']",我们都曾经是一一。
104,射雕英雄传之东成西就,刘镇伟,"['梁朝伟', '林青霞', '张国荣', '叶玉卿']",香港,粤语,8.7,361064,1993-02-05(香港),113分钟(香港),"['喜剧', '奇幻', '武侠', '古装']",百看不厌。
105,阳光姐妹淘,姜炯哲,"['沈恩京', '闵孝琳', '姜素拉', '南宝拉']",韩国,韩语,8.8,353829,2011-05-04(韩国),124分钟,"['剧情', '喜剧']",再多各自牛逼的时光，也比不上一起傻逼的岁月。
106,甜蜜蜜,陈可辛,"['黎明', '张曼玉', '杨恭如', '曾志伟']",香港,粤语 / 汉语普通话 / 英语,8.8,291447,2015-02-13(中国大陆),118分钟(中国大陆),"['剧情', '爱情']",相逢只要一瞬间，等待却像是一辈子。
107,爱在黎明破晓前,理查德·林克莱特,"['伊桑·霍克', '朱莉·德尔佩', '安德莉亚·埃克特', '汉诺·波西尔']",美国 / 奥地利 / 瑞士,英语 / 德语 / 法语,8.8,300296,1995-01-27(美国),101分钟,"['剧情', '爱情']",缘分是个连绵词，最美不过一瞬。
108,小森林 夏秋篇,森淳一,"['桥本爱', '三浦贵大', '松冈茉优', '温水洋一']",日本,日语,9.0,203521,2014-08-30(日本),111分钟,['剧情'],那些静得只能听见呼吸的日子里，你明白孤独即生活。
109,驯龙高手,迪恩·德布洛斯,"['杰伊·巴鲁切尔', '杰拉德·巴特勒', '克雷格·费格森', '亚美莉卡·费雷拉']",美国,英语,8.7,404185,2010-05-14(中国大陆),98分钟,"['动画', '奇幻', '冒险']",和谐的生活离不开摸头与被摸头。
110,侧耳倾听,近藤喜文,"['本名阳子', '小林桂树', '高山南', '高桥一生']",日本,日语 / 英语,8.8,234197,1995-07-15(日本),111分钟,"['剧情', '爱情', '动画']",少女情怀总是诗。
111,红辣椒,今敏,"['林原惠美', '江守彻', '堀胜之祐', '古谷彻']",日本,日语,8.9,192332,2006-09-02(威尼斯电影节),90 分钟,"['科幻', '动画', '悬疑', '惊悚']",梦的勾结。
112,请以你的名字呼唤我,卢卡·瓜达尼诺,"['艾米·汉莫', '蒂莫西·柴勒梅德', '迈克尔·斯图巴', '阿蜜拉·卡萨']",意大利 / 法国 / 巴西 / 美国 / 荷兰 / 德国,英语 / 意大利语 / 法语 / 德语 / 希伯来语,8.8,291347,2017-01-22(圣丹斯电影节),132分钟,"['剧情', '爱情', '同性']",沉醉在电影的情感和视听氛围中无法自拔。
113,倩女幽魂,程小东,"['张国荣', '王祖贤', '午马', '刘兆铭']",香港,粤语,8.7,368091,2011-04-30(中国大陆),98分钟(香港),"['爱情', '奇幻', '武侠', '古装']",两张绝世的脸。
114,恐怖直播,金秉祐,"['河正宇', '李璟荣', '全慧珍', '李大为']",韩国,韩语,8.7,323029,2013-07-31(韩国),97分钟,"['剧情', '悬疑', '犯罪']",恐怖分子的“秋菊打官司”。
115,风之谷,宫崎骏,"['岛本须美', '松田洋治', '榊原良子', '辻村真人']",日本,日语,8.8,231164,1992-05(中国大陆),117分钟,"['动画', '奇幻', '冒险']",动画片的圣经。
116,上帝之城,卡迪亚·兰德,"['亚历桑德雷·罗德里格斯', '莱安德鲁·菲尔米诺', '菲利佩·哈根森', '道格拉斯·席尔瓦']",巴西 / 法国,葡萄牙语,8.9,191289,2002-05-18(戛纳电影节),130分钟,"['剧情', '犯罪']",被上帝抛弃了的上帝之城。
117,超脱,托尼·凯耶,"['艾德里安·布洛迪', '马西娅·盖伊·哈登', '詹姆斯·肯恩', '克里斯蒂娜·亨德里克斯']",美国,英语,8.8,237384,2011-04-25(翠贝卡电影节),97分钟,['剧情'],穷尽一生，我们要学会的，不过是彼此拥抱。
118,爱在日落黄昏时,理查德·林克莱特,"['伊桑·霍克', '朱莉·德尔佩', '弗农·多布切夫', 'Louise Lemoine Torrès']",美国,英语 / 法语,8.8,262297,2004-02-10(柏林电影节),80 分钟,"['剧情', '爱情']",九年后的重逢是世俗和责任的交叠，没了悸动和青涩，沧桑而温暖。
119,菊次郎的夏天,北野武,"['北野武', '关口雄介', '岸本加世子', 'グレート義太夫']",日本,日语,8.8,257249,1999-05-20(戛纳电影节),121 分钟,"['剧情', '喜剧']",从没见过那么流氓的温柔，从没见过那么温柔的流氓。
120,幸福终点站,史蒂文·斯皮尔伯格,"['汤姆·汉克斯', '凯瑟琳·泽塔-琼斯', '斯坦利·图齐', '齐·麦克布赖德']",美国,英语 / 俄语 / 法语 / 保加利亚语,8.7,291200,2005-01-14(中国大陆),128分钟,"['剧情', '喜剧', '爱情']",有时候幸福需要等一等。
121,哈利·波特与死亡圣器(下),大卫·叶茨,"['丹尼尔·雷德克里夫', '艾玛·沃森', '鲁伯特·格林特', '海伦娜·伯翰·卡特']",美国 / 英国,英语,8.7,379110,2011-08-04(中国大陆),130分钟,"['剧情', '悬疑', '奇幻', '冒险']",10年的完美句点。
122,小森林 冬春篇,森淳一,"['桥本爱', '三浦贵大', '松冈茉优', '温水洋一']",日本,日语,9.0,177643,2015-02-14(日本),120分钟,['剧情'],尊敬他人，尊敬你生活的这片土地，明白孤独是人生的常态。
123,杀人回忆,奉俊昊,"['宋康昊', '金相庆', '金雷河', '宋在浩']",韩国,韩语,8.7,281738,2003-05-02(韩国),130分钟,"['剧情', '悬疑', '惊悚', '犯罪']",关于连环杀人悬案的集体回忆。
124,7号房的礼物,李焕庆,"['柳承龙', '朴信惠', '郑镇荣', '金正泰']",韩国,韩语,8.8,250584,2013-01-23(韩国),127分钟,"['剧情', '喜剧', '家庭']",《我是山姆》的《美丽人生》。
125,神偷奶爸,皮埃尔·柯芬,"['史蒂夫·卡瑞尔', '杰森·席格尔', '拉塞尔·布兰德', '朱莉·安德鲁斯']",美国 / 法国,英语,8.5,529835,2010-06-20(莫斯科电影节),95分钟,"['喜剧', '动画', '冒险']",Mr. I Don't Care其实也有Care的时候。
126,借东西的小人阿莉埃蒂,米林宏昌,"['志田未来', '神木隆之介', '树木希林', '三浦友和']",日本,日语,8.7,285701,2010-07-17(日本),94分钟,"['动画', '奇幻', '冒险']",曾经的那段美好会沉淀为一辈子的记忆。
127,萤火之森,大森贵弘,"['佐仓绫音', '内山昂辉', '辻亲八', '山本兼平']",日本,日语,8.8,234220,2011-09-17(日本),45分钟,"['剧情', '爱情', '动画', '奇幻']",触不到的恋人。
128,唐伯虎点秋香,李力持,"['周星驰', '巩俐', '陈百祥', '郑佩佩']",香港,粤语,8.5,495528,1993-07-01(香港),102 分钟,"['喜剧', '爱情', '古装']",华太师是黄霑，吴镇宇四大才子之一。
129,超能陆战队,唐·霍尔,"['斯科特·安第斯', '瑞恩·波特', '丹尼尔·海尼', 'T·J·米勒']",美国,英语,8.6,519197,2015-02-28(中国大陆),102分钟,"['喜剧', '动作', '科幻', '动画', '冒险']",Balalala~~~
130,蝙蝠侠：黑暗骑士崛起,克里斯托弗·诺兰,"['克里斯蒂安·贝尔', '汤姆·哈迪', '安妮·海瑟薇', '约瑟夫·高登-莱维特']",美国 / 英国,英语 / 阿拉伯语,8.7,386383,2012-08-27(中国大陆),165分钟,"['剧情', '动作', '科幻', '惊悚', '犯罪']",诺兰就是保证。
131,怪兽电力公司,彼特·道格特,"['约翰·古德曼', '比利·克里斯托', '玛丽·吉布斯', '史蒂夫·布西密']",美国,英语,8.6,336531,2001-11-02(美国),92 分钟,"['喜剧', '动画', '儿童', '奇幻', '冒险']",不要给它起名字，起了名字就有感情了。
132,岁月神偷,罗启锐,"['吴君如', '任达华', '钟绍图', '李治廷']",香港 / 中国大陆,粤语 / 汉语普通话 / 英语 / 上海话 / 法语,8.7,376345,2010-04-16(中国大陆),117分钟,"['剧情', '家庭']",岁月流逝，来日可追。
133,电锯惊魂,温子仁,"['雷·沃纳尔', '加利·艾尔维斯', '丹尼·格洛弗', '肯·梁']",美国,英语,8.7,265180,2004-01-19(圣丹斯电影节),103分钟,"['悬疑', '惊悚', '恐怖']",真相就在眼前。
134,七武士,黑泽明,"['三船敏郎', '志村乔', '稻叶义男', '宫口精二']",日本,日语,9.2,102544,1954-04-26(日本),160分钟(国际版),"['剧情', '动作', '冒险']",时代悲歌。
135,谍影重重3,保罗·格林格拉斯,"['马特·达蒙', '朱丽娅·斯蒂尔斯', '大卫·斯特雷泽恩', '斯科特·格伦']",美国 / 德国,英语 / 法语 / 阿拉伯语 / 俄语 / 西班牙语,8.7,238623,2007-11-15(中国大陆),115分钟,"['动作', '悬疑', '惊悚']",像吃了苏打饼一样干脆的电影。
136,真爱至上,理查德·柯蒂斯,"['休·格兰特', '科林·费尔斯', '艾玛·汤普森', '凯拉·奈特莉']",英国 / 美国 / 法国,英语 / 葡萄牙语 / 法语,8.6,409775,2003-09-07(多伦多电影节),135 分钟,"['剧情', '喜剧', '爱情']",爱，是个动词。
137,疯狂原始人,柯克·德·米科,"['尼古拉斯·凯奇', '艾玛·斯通', '瑞恩·雷诺兹', '凯瑟琳·基纳']",美国,英语,8.7,485904,2013-04-20(中国大陆),98分钟,"['喜剧', '动画', '冒险']",老少皆宜，这就是好莱坞动画的魅力。
138,无人知晓,是枝裕和,"['柳乐优弥', '北浦爱', '木村飞影', '清水萌萌子']",日本,日语,9.1,115314,2004-05-13(戛纳电影节),141分钟,['剧情'],我的平常生活就是他人的幸福。
139,喜宴,李安,"['赵文瑄', '郎雄', '归亚蕾', '金素梅']",台湾 / 美国,汉语普通话 / 英语,8.9,183297,1993-02(柏林电影节),108分钟,"['剧情', '喜剧', '爱情', '同性', '家庭']",中国家庭的喜怒哀乐忍。
140,萤火虫之墓,高畑勋,"['辰己努', '白石绫乃', '志乃原良子', '山口朱美']",日本,日语,8.7,256652,1988-04-16(日本),89 分钟,"['剧情', '动画', '战争']",幸福是生生不息，却难以触及的远。
141,东邪西毒,王家卫,"['张国荣', '林青霞', '梁朝伟', '张学友']",香港 / 台湾,粤语 / 汉语普通话,8.6,338688,1994-09-17(中国大陆),100分钟,"['剧情', '动作', '爱情', '武侠', '古装']",电影诗。
142,英雄本色,吴宇森,"['周润发', '狄龙', '张国荣', '朱宝意']",香港,粤语 / 汉语普通话 / 英语,8.6,251985,2017-11-17(中国大陆),95分钟,"['动作', '犯罪']",英雄泪短，兄弟情长。
143,贫民窟的百万富翁,丹尼·博伊尔,"['戴夫·帕特尔', '沙鲁巴·舒克拉', '亚尼·卡普', '拉詹德拉纳斯·祖特施']",英国 / 美国,英语 / 印地语 / 法语,8.5,476934,2009-03-26(中国大陆),120 分钟,"['剧情', '爱情']",上帝之城+猜火车+阿甘正传+开心辞典=山寨富翁
144,黑天鹅,达伦·阿伦诺夫斯基,"['娜塔莉·波特曼', '米拉·库尼斯', '文森特·卡索', '芭芭拉·赫希']",美国,英语 / 法语 / 意大利语,8.5,522493,2010-09-01(威尼斯电影节),108分钟,"['剧情', '惊悚']",黑暗之美。
145,记忆碎片,克里斯托弗·诺兰,"['盖·皮尔斯', '凯瑞-安·莫斯', '乔·潘托里亚诺', '小马克·布恩']",美国,英语,8.6,354249,2000-09-05(威尼斯电影节),113分钟,"['剧情', '悬疑', '惊悚', '犯罪']",一个针管引发的血案。
146,血战钢锯岭,梅尔·吉布森,"['安德鲁·加菲尔德', '萨姆·沃辛顿', '文斯·沃恩', '雨果·维文']",美国 / 澳大利亚,英语,8.7,439134,2016-12-08(中国大陆),139分钟(中国大陆),"['剧情', '传记', '历史', '战争']",优秀的战争片不会美化战场，不会粉饰死亡，不会矮化敌人，不会无视常识，最重要的，不会宣扬战争。
147,心迷宫,忻钰坤,"['霍卫民', '王笑天', '罗芸', '杨瑜珍']",中国大陆,汉语普通话,8.7,255079,2015-10-16(中国大陆),110分钟(中国大陆),"['剧情', '悬疑', '犯罪']",荒诞讽刺，千奇百巧，抽丝剥茧，百转千回。
148,傲慢与偏见,乔·赖特,"['凯拉·奈特莉', '马修·麦克费登', '唐纳德·萨瑟兰', '布兰达·布莱斯']",法国 / 英国 / 美国,英语,8.5,399870,2005-09-16(英国),129 分钟,"['剧情', '爱情']",爱是摈弃傲慢与偏见之后的曙光。
149,时空恋旅人,理查德·柯蒂斯,"['多姆纳尔·格里森', '瑞秋·麦克亚当斯', '比尔·奈伊', '莉迪亚·威尔逊']",英国,英语,8.7,279407,2013-09-04(英国),123分钟,"['喜剧', '爱情', '奇幻']",把每天当作最后一天般珍惜度过，积极拥抱生活，就是幸福。
150,荒蛮故事,达米安·斯兹弗隆,"['达里奥·格兰迪内蒂', '玛丽娅·玛努尔', '莫妮卡·比利亚', '丽塔·科尔泰塞']",阿根廷 / 西班牙,西班牙语,8.8,204711,2014-05-17(戛纳电影节),122分钟,"['剧情', '喜剧', '犯罪']",始于荒诞，止于更荒诞。
151,雨人,巴瑞·莱文森,"['达斯汀·霍夫曼', '汤姆·克鲁斯', '瓦莱丽亚·戈利诺', '邦尼·亨特']",美国,英语 / 意大利语,8.7,254601,1988-12-16(美国),133分钟,['剧情'],生活在自己的世界里，也可以让周围的人显得可笑和渺小。
152,纵横四海,吴宇森,"['周润发', '张国荣', '钟楚红', '朱江']",香港,粤语 / 汉语普通话 / 客家话 / 英语 / 法语,8.7,208197,1991-02-02(香港),108分钟,"['剧情', '喜剧', '动作', '犯罪']",香港浪漫主义警匪动作片的巅峰之作。
153,教父3,弗朗西斯·福特·科波拉,"['阿尔·帕西诺', '黛安·基顿', '塔莉娅·夏尔', '安迪·加西亚']",美国,英语 / 意大利语 / 德语 / 拉丁语,8.8,177364,1990-12-25(美国),170分钟,"['剧情', '犯罪']",任何信念的力量，都无法改变命运。
154,达拉斯买家俱乐部,让-马克·瓦雷,"['马修·麦康纳', '詹妮弗·加纳', '杰瑞德·莱托', '史蒂夫·茨恩']",美国,英语 / 日语,8.7,248442,2013-09-07(多伦多电影节),117分钟,"['剧情', '同性', '传记']",Jared Leto的腿比女人还美！
155,玩具总动员3,李·昂克里奇,"['汤姆·汉克斯', '蒂姆·艾伦', '琼·库萨克', '尼德·巴蒂']",美国,英语 / 西班牙语,8.8,249830,2010-06-16(中国大陆),103分钟,"['喜剧', '动画', '奇幻', '冒险']",跨度十五年的欢乐与泪水。
156,卢旺达饭店,特瑞·乔治,"['唐·钱德尔', '苏菲·奥康内多', '杰昆·菲尼克斯', '尼克·诺特']",英国 / 南非 / 意大利 / 美国,英语 / 法语,8.9,153048,2004-12-22(美国),121分钟,"['剧情', '历史', '战争']",当这个世界闭上双眼，他却敞开了怀抱。
157,完美的世界,克林特·伊斯特伍德,"['凯文·科斯特纳', '劳拉·邓恩', '克林特·伊斯特伍德', 'T·J·劳瑟']",美国,英语,9.1,111535,1993-11-24(美国),138分钟,"['剧情', '犯罪']",坏人的好总是比好人的好来得更感人。
158,花样年华,王家卫,"['梁朝伟', '张曼玉', '潘迪华', '萧炳林']",香港,粤语 / 上海话 / 法语,8.6,316742,2000-05-20(戛纳电影节),98 分钟,"['剧情', '爱情']",偷情本没有这样美。
159,海边的曼彻斯特,肯尼思·洛纳根,"['卡西·阿弗莱克', '卢卡斯·赫奇斯', '米歇尔·威廉姆斯', 'C·J·威尔逊']",美国,英语,8.6,276330,2017-08-25(中国大陆),137分钟,"['剧情', '家庭']",我们都有权利不与自己的过去和解。
160,海洋,雅克·贝汉,"['皮尔斯·布鲁斯南', '雅克·贝汉', '姜文', '宫泽理惠']",法国 / 瑞士 / 西班牙 / 美国 / 阿联酋,法语 / 英语,9.0,112857,2011-08-12(中国大陆),104分钟(法国),['纪录片'],大海啊，不全是水。
161,恋恋笔记本,尼克·卡萨维茨,"['瑞恩·高斯林', '瑞秋·麦克亚当斯', '吉娜·罗兰兹', '詹姆斯·加纳']",美国,英语,8.5,363205,2004-06-25(美国),123分钟,"['剧情', '爱情']",爱情没有那么多借口，如果不能圆满，只能说明爱的不够。
162,虎口脱险,热拉尔·乌里,"['路易·德·菲奈斯', '布尔维尔', '克劳迪奥·布鲁克', '安德丽·帕里西']",法国 / 英国,法语 / 英语 / 德语,8.9,132786,1966-12-08(法国),132分钟,"['喜剧', '战争']",永远看不腻的喜剧。
163,你看起来好像很好吃,藤森雅也,"['山口胜平', '爱河里花子', '加藤清史郎', '原田知世']",日本,日语,8.8,189880,2010-10-16(日本),90分钟,"['剧情', '动画', '儿童']",感情不分食草或者食肉。
164,二十二,郭柯,,中国大陆,汉语普通话,8.7,154206,2017-08-14(中国大陆),99分钟(公映版),['纪录片'],有一些东西不应该被遗忘。
165,被解救的姜戈,昆汀·塔伦蒂诺,"['杰米·福克斯', '莱昂纳多·迪卡普里奥', '克里斯托弗·沃尔兹', '塞缪尔·杰克逊']",美国,英语 / 法语 / 德语,8.6,333125,2013-05-12(中国大陆),163分钟(中国大陆),"['剧情', '动作', '西部', '冒险']",热血沸腾，那个低俗、性感的无耻混蛋又来了。
166,头脑特工队,彼特·道格特,"['艾米·波勒', '菲利丝·史密斯', '理查德·坎德', '比尔·哈德尔']",美国,英语,8.7,315220,2015-10-06(中国大陆),95分钟,"['喜剧', '动画', '冒险']",愿我们都不用长大，每一座城堡都能永远存在。
167,无敌破坏王,瑞奇·摩尔,"['约翰·C·赖利', '萨拉·西尔弗曼', '杰克·麦克布瑞尔', '简·林奇']",美国,英语,8.7,283040,2012-11-06(中国大陆),101分钟,"['喜剧', '动画', '奇幻', '冒险']",迪士尼和皮克斯拿错剧本的产物。
168,冰川时代,卡洛斯·沙尔丹哈,"['雷·罗马诺', '约翰·雷吉扎莫', '丹尼斯·利瑞', '杰克·布莱克']",美国,英语 / 克罗地亚语,8.5,354857,2002-03-15(美国),81 分钟,"['喜剧', '动画', '冒险']",松鼠才是角儿。
169,燃情岁月,爱德华·兹威克,"['布拉德·皮特', '安东尼·霍普金斯', '艾丹·奎因', '朱莉娅·奥蒙德']",美国,英语 / 科尼什语,8.8,176477,1994-12-16(美国),133分钟,"['剧情', '爱情', '战争', '西部']",传奇，不是每个人都可以拥有。
170,你的名字。,新海诚,"['神木隆之介', '上白石萌音', '长泽雅美', '市原悦子']",日本,日语,8.4,687061,2016-12-02(中国大陆),106分钟,"['剧情', '爱情', '动画']",穿越错位的时空，仰望陨落的星辰，你没留下你的名字，我却无法忘记那句“我爱你”。
171,雨中曲,斯坦利·多南,"['吉恩·凯利', '唐纳德·奥康纳', '黛比·雷诺斯', '简·哈根']",美国,英语,9.0,117366,1952-04-11(美国),103分钟,"['喜剧', '爱情', '歌舞']",骨灰级歌舞片。
172,我是山姆,杰茜·尼尔森,"['西恩·潘', '达科塔·范宁', '米歇尔·菲佛', '黛安·韦斯特']",美国,英语,8.9,140087,2001-12-03(美国),132 分钟,"['剧情', '家庭']",爱并不需要智商 。
173,三块广告牌,马丁·麦克唐纳,"['弗兰西斯·麦克多蒙德', '伍迪·哈里森', '山姆·洛克威尔', '艾比·考尼什']",美国 / 英国,英语,8.7,448872,2018-03-02(中国大陆),115分钟,"['剧情', '犯罪']",
174,爆裂鼓手,达米恩·查泽雷,"['迈尔斯·特勒', 'J·K·西蒙斯', '保罗·雷瑟', '梅莉莎·班诺伊']",美国,英语,8.6,305442,2014-10-10(美国),107分钟,"['剧情', '音乐']",这个世界从不善待努力的人，努力了也不一定会成功，但是知道自己在努力，就是活下去的动力。
175,人工智能,史蒂文·斯皮尔伯格,"['海利·乔·奥斯蒙', '弗兰西丝·奥康纳', '山姆·洛巴兹', '杰克·托马斯']",美国,英语,8.6,244604,2001-06-29(美国),146分钟,"['剧情', '科幻', '冒险']",对爱的执着，可以超越一切。
176,未麻的部屋,今敏,"['岩男润子', '松本梨香', '辻亲八', '秋元羊介']",日本,日语,8.9,134756,1997-07(加拿大奇幻电影节),81 分钟,"['动画', '惊悚', '奇幻']",好的剧本是，就算你猜到了结局也猜不到全部。
177,穿越时空的少女,细田守,"['仲里依纱', '石田卓也', '板仓光隆', '垣内彩未']",日本,日语,8.6,233265,2006-07-15(日本),98分钟,"['剧情', '爱情', '科幻', '动画']",爱上未来的你。
178,魂断蓝桥,茂文·勒鲁瓦,"['费雯·丽', '罗伯特·泰勒', '露塞尔·沃特森', '弗吉尼亚·菲尔德']",美国,英语 / 法语,8.8,157102,1940-05-17(美国),108分钟,"['剧情', '爱情', '战争']",中国式内在的美国电影。
179,猜火车,丹尼·博伊尔,"['伊万·麦克格雷格', '艾文·布莱纳', '约翰尼·李·米勒', '凯文·麦克基德']",英国,英语,8.5,295213,1996-02-23(英国),94分钟,"['剧情', '犯罪']",不可猜的青春迷笛。
180,模仿游戏,莫滕·泰杜姆,"['本尼迪克特·康伯巴奇', '凯拉·奈特莉', '马修·古迪', '罗里·金奈尔']",英国 / 美国,英语 / 德语,8.6,332786,2015-07-21(中国大陆),114分钟,"['剧情', '同性', '传记', '战争']",他给机器起名“克里斯托弗”，因为这是他初恋的名字。
181,一个叫欧维的男人决定去死,汉内斯·赫尔姆,"['罗夫·拉斯加德', '巴哈·帕斯', '托比亚斯·阿姆博瑞', '菲利普·伯格']",瑞典,瑞典语 / 波斯语,8.8,178505,2015-12-25(瑞典),116分钟,['剧情'],惠及一生的美丽。
182,房间,伦尼·阿伯拉罕森,"['布丽·拉尔森', '雅各布·特伦布莱', '肖恩·布里吉格斯', '温迪·古逊']",爱尔兰 / 加拿大 / 英国 / 美国,英语,8.8,212824,2015-09-04(特柳赖德电影节),118分钟,"['剧情', '家庭']",被偷走的岁月，被伤害的生命，被禁锢的灵魂，终将被希望和善意救赎。
183,忠犬八公物语,神山征二郎,"['山本圭', '井川比佐志', '片桐入', '仲代达矢']",日本,日语,9.1,87667,1987-08-01(日本),107 分钟,['剧情'],养狗三日，便会对你终其一生。
184,完美陌生人,保罗·格诺维塞,"['马可·贾利尼', '卡夏·斯穆特尼亚克', '爱德华多·莱奥', '阿尔巴·罗尔瓦赫尔']",意大利,意大利语,8.6,310930,2018-05-25(中国大陆),97分钟,"['剧情', '喜剧']",来啊，互相伤害啊！
185,罗生门,黑泽明,"['三船敏郎', '千秋实', '京町子', '森雅之']",日本,日语,8.7,164476,1950-08-26(日本),88分钟,"['剧情', '悬疑', '犯罪']",人生的N种可能性。
186,恐怖游轮,克里斯托弗·史密斯,"['梅利莎·乔治', '利亚姆·海姆斯沃斯', '迈克尔·多曼', '瑞秋·卡帕尼']",英国 / 澳大利亚,英语,8.4,428713,2009-10-16(英国),99 分钟,"['剧情', '悬疑', '惊悚']",不要企图在重复中寻找已经失去的爱。
187,魔女宅急便,宫崎骏,"['高山南', '佐久间玲', '户田惠子', '山口胜平']",日本,日语,8.6,258960,1989-07-29(日本),103分钟,"['动画', '奇幻', '冒险']",宫崎骏的电影总让人感觉世界是美好的，阳光明媚的。
188,阿飞正传,王家卫,"['张国荣', '张曼玉', '刘嘉玲', '刘德华']",香港,粤语 / 汉语普通话 / 英语 / 菲律宾语 / 上海话,8.5,276609,2018-06-25(中国大陆),94分钟,"['剧情', '爱情', '犯罪']",王家卫是一种风格，张国荣是一个代表。
189,香水,汤姆·提克威,"['本·卫肖', '艾伦·瑞克曼', '蕾切儿·哈伍德', '达斯汀·霍夫曼']",德国 / 法国 / 西班牙 / 美国,英语,8.5,343800,2006-09-07(德国),147分钟,"['剧情', '犯罪', '奇幻']",一个单凭体香达到高潮的男人。
190,哪吒闹海,严定宪,"['梁正晖', '邱岳峰', '毕克', '富润生']",中国大陆,汉语普通话,8.9,112206,1979-05-19(中国大陆),65分钟,"['动画', '奇幻', '冒险']",想你时你在闹海。
191,浪潮,丹尼斯·甘塞尔,"['于尔根·福格尔', '弗雷德里克·劳', '马克思·雷迈特', '詹妮弗·乌尔里希']",德国,德语,8.7,164946,2008-03-13(德国),107 分钟,"['剧情', '惊悚']",世界离独裁只有五天。
192,朗读者,史蒂芬·戴德利,"['凯特·温丝莱特', '大卫·克劳斯', '拉尔夫·费因斯', '詹妮特·海因']",美国 / 德国,英语 / 德语 / 希腊语 / 拉丁语,8.5,322605,2008-12-10(纽约首映),124 分钟,"['剧情', '爱情']",当爱情跨越年龄的界限，它似乎能变得更久远一点，成为一种责任，一种水到渠成的相濡以沫。
193,黑客帝国3：矩阵革命,莉莉·沃卓斯基,"['基努·里维斯', '劳伦斯·菲什伯恩', '凯瑞-安·莫斯', '雨果·维文']",美国 / 澳大利亚,英语 / 法语,8.6,208203,2003-11-05(美国/中国大陆),129 分钟,"['动作', '科幻']",不得不说，《黑客帝国》系列是商业片与科幻、哲学完美结合的典范。
194,海街日记,是枝裕和,"['绫濑遥', '长泽雅美', '夏帆', '广濑铃']",日本,日语,8.7,193744,2015-05-14(戛纳电影节),127分钟,"['剧情', '家庭']",是枝裕和的家庭习作。
195,可可西里,陆川,"['多布杰', '张正阳', '奇道', '赵雪莹']",中国大陆 / 香港,汉语普通话 / 藏语,8.7,161922,2004-10-01(中国大陆),85分钟(中国大陆),"['剧情', '犯罪']",坚硬的信仰。
196,谍影重重2,保罗·格林格拉斯,"['马特·达蒙', '弗朗卡·波滕特', '布莱恩·考克斯', '朱丽娅·斯蒂尔斯']",美国 / 德国,英语 / 俄语 / 德语 / 意大利语,8.6,205921,2004-11-14(中国大陆),108分钟,"['动作', '悬疑', '惊悚']",谁说王家卫镜头很晃？
197,谍影重重,道格·里曼,"['马特·达蒙', '弗朗卡·波滕特', '克里斯·库珀', '克里夫·欧文']",美国 / 德国 / 捷克,英语 / 法语 / 德语 / 荷兰语 / 意大利语,8.5,245717,2002-11-21(中国大陆),119分钟,"['动作', '悬疑', '惊悚']",哗啦啦啦啦，天在下雨，哗啦啦啦啦，云在哭泣……找自己。
198,战争之王,安德鲁·尼科尔,"['尼古拉斯·凯奇', '布丽姬·穆娜', '杰瑞德·莱托', '伊安·霍姆']",美国 / 法国,英语 / 法语 / 德语 / 俄语 / 西班牙语 / 乌克兰语 / 阿拉伯语 / 土耳其语 / 汉语普通话,8.6,213366,2005-09-16(美国),122 分钟,"['剧情', '犯罪']",做一颗让别人需要你的棋子。
199,牯岭街少年杀人事件,杨德昌,"['张震', '杨静怡', '张国柱', '王启赞']",台湾,汉语普通话 / 闽南语 / 上海话 / 粤语,8.8,138964,1991-07-27(台湾),237分钟(导演剪辑版),"['剧情', '犯罪']",弱者送给弱者的一刀。
200,地球上的星星,阿米尔·汗,"['达席尔·萨法瑞', '阿米尔·汗', '塔奈·切赫达', '萨谢·英吉尼尔']",印度,印地语 / 英语,8.9,111759,2007-12-21(印度),165分钟,"['剧情', '家庭', '儿童']",天使保护事件始末。
201,青蛇,徐克,"['张曼玉', '王祖贤', '赵文卓', '吴兴国']",香港,粤语,8.5,285986,1993-11-04(香港),99分钟,"['剧情', '爱情', '奇幻', '古装']",人生如此，浮生如斯。谁人言，花彼岸，此生情长意短。谁都是不懂爱的罢了。
202,一次别离,阿斯哈·法哈蒂,"['佩曼·莫阿迪', '蕾拉·哈塔米', '萨瑞·巴亚特', '沙哈布·侯赛尼']",伊朗 / 法国,波斯语,8.7,160948,2012-11-13(中国大陆),123分钟,"['剧情', '家庭']",只有有信仰的人才能说出事实真相。
203,惊魂记,阿尔弗雷德·希区柯克,"['珍妮特·利', '安东尼·博金斯', '维拉·迈尔斯', '马丁·鲍尔萨姆']",美国,英语,8.9,111077,1960-06-16(纽约首映),109分钟,"['悬疑', '惊悚', '恐怖']",故事的反转与反转，分裂电影的始祖。
204,疯狂的石头,宁浩,"['郭涛', '刘桦', '连晋', '黄渤']",中国大陆 / 香港,汉语普通话 / 重庆话,8.4,422414,2006-06-30(中国大陆),106 分钟(香港),"['喜剧', '犯罪']",中国版《两杆大烟枪》。
205,追随,克里斯托弗·诺兰,"['杰里米·西奥伯德', '亚历克斯·霍', '露西·拉塞尔', '约翰·诺兰']",英国,英语,8.9,102477,1998-09-12(多伦多电影节),69分钟,"['悬疑', '惊悚', '犯罪']",诺兰的牛逼来源于内心散发出的恐惧。
206,终结者2：审判日,詹姆斯·卡梅隆,"['阿诺·施瓦辛格', '琳达·汉密尔顿', '爱德华·福隆', '罗伯特·帕特里克']",美国 / 法国,英语 / 西班牙语,8.6,186097,1991-07-03(美国),137分钟,"['动作', '科幻']",少见的超越首部的续集，动作片中的经典。
207,源代码,邓肯·琼斯,"['杰克·吉伦哈尔', '维拉·法米加', '米歇尔·莫纳汉', '杰弗里·怀特']",美国 / 加拿大,英语,8.4,498666,2011-08-30(中国大陆),93分钟,"['科幻', '悬疑', '惊悚']",邓肯·琼斯继《月球》之后再度奉献出一部精彩绝伦的科幻佳作。
208,小萝莉的猴神大叔,卡比尔·汗,"['萨尔曼·汗', '哈莎莉·马洛特拉', '卡琳娜·卡普尔', '纳瓦祖丁·席迪圭']",印度,印地语 / 乌尔都语,8.5,244709,2018-03-02(中国大陆),159分钟,"['剧情', '喜剧', '动作']",宝莱坞的萝莉与大叔。
209,步履不停,是枝裕和,"['阿部宽', '夏川结衣', '江原由希子', '高桥和也']",日本,日语,8.8,125579,2008-06-28(日本),115分钟,"['剧情', '家庭']",日本的家庭电影已经是世界巅峰了，步履不停是巅峰中的佳作。
210,初恋这件小事,普特鹏·普罗萨卡·那·萨克那卡林,"['平采娜·乐维瑟派布恩', '马里奥·毛瑞尔', '苏达拉·布查蓬', '雅尼卡·桑普蕾舞']",泰国,泰语 / 印度尼西亚语 / 英语,8.3,592451,2012-06-05(中国大陆),118分钟(泰国),"['剧情', '喜剧', '爱情']",黑小鸭速效美白记。
211,再次出发之纽约遇见你,约翰·卡尼,"['凯拉·奈特莉', '马克·鲁弗洛', '亚当·莱文', '詹姆斯·柯登']",美国,英语,8.5,228740,2015-06-26(中国大陆),104分钟,"['喜剧', '爱情', '音乐']",爱我就给我看你的播放列表。
212,新龙门客栈,李惠民,"['张曼玉', '林青霞', '梁家辉', '甄子丹']",香港 / 中国大陆,汉语普通话 / 粤语,8.5,240792,2012-02-24(中国大陆),88分钟,"['动作', '爱情', '武侠', '古装']",嬉笑怒骂，调风动月。
213,撞车,保罗·哈吉斯,"['桑德拉·布洛克', '唐·钱德尔', '马特·狄龙', '布兰登·费舍']",美国 / 德国,英语 / 波斯语 / 西班牙语 / 汉语普通话 / 韩语,8.6,210181,2004-09-10(多伦多电影节),112分钟,"['剧情', '犯罪']",天使与魔鬼的冲撞。
214,天书奇谭,王树忱,"['丁建华', '毕克', '尚华', '苏秀']",中国大陆,汉语普通话,9.1,75988,1983(中国大陆),89分钟,"['动画', '奇幻']",传奇的年代，醉人的童话。
215,梦之安魂曲,达伦·阿伦诺夫斯基,"['艾伦·伯斯汀', '杰瑞德·莱托', '詹妮弗·康纳利', '马龙·韦恩斯']",美国,英语,8.7,137640,2000-05-14(戛纳电影节),102分钟,['剧情'],一场没有春天的噩梦。
216,爱在午夜降临前,理查德·林克莱特,"['伊桑·霍克', '朱莉·德尔佩', '肖姆斯·戴维-菲茨帕特里克', '詹妮弗·普里尔']",美国 / 希腊,英语 / 希腊语 / 法语,8.8,153814,2013-06-14(美国),109分钟,"['剧情', '爱情']",所谓爱情，就是话唠一路，都不会心生腻烦，彼此嫌弃。
217,海蒂和爷爷,阿兰·葛斯彭纳,"['阿努克·斯特芬', '布鲁诺·甘茨', '昆林·艾格匹', '安娜·申茨']",德国 / 瑞士 / 南非,德语 / 瑞士德语 / 南非语,9.1,82575,2015-12-10(德国),111分钟,"['剧情', '家庭', '冒险']",
218,无耻混蛋,昆汀·塔伦蒂诺,"['布拉德·皮特', '梅拉尼·罗兰', '克里斯托弗·沃尔兹', '伊莱·罗斯']",美国 / 德国,英语 / 德语 / 法语 / 意大利语,8.5,276349,2009-08-20(德国),153分钟,"['剧情', '犯罪']",昆汀同学越来越变态了，比北野武还杜琪峰。
219,东京物语,小津安二郎,"['笠智众', '原节子', '杉村春子', '东山千荣子']",日本,日语,9.2,67189,1953-11-03(日本),136 分钟,"['剧情', '家庭']",东京那么大，如果有一天走失了，恐怕一辈子不能再相见。
220,城市之光,查理·卓别林,"['查理·卓别林', '弗吉尼亚·切瑞尔', '佛罗伦斯·李', '亨利·伯格曼']",美国,英语,9.3,60332,1931-01-30(洛杉矶首映),87 分钟,"['剧情', '喜剧', '爱情']",永远的小人物，伟大的卓别林。
221,绿里奇迹,弗兰克·德拉邦特,"['汤姆·汉克斯', '大卫·摩斯', '迈克·克拉克·邓肯', '邦尼·亨特']",美国,英语 / 法语,8.7,135830,1999-12-10(美国),189 分钟,"['剧情', '悬疑', '犯罪', '奇幻']",天使暂时离开。
222,彗星来的那一夜,詹姆斯·沃德·布柯特,"['艾米丽·芭尔多尼', '莫瑞·史特林', '尼古拉斯·布兰登', '劳伦·斯卡法莉娅']",美国 / 英国,英语,8.5,253421,2013-09-19(奇幻电影节),89分钟,"['科幻', '悬疑', '惊悚']",小成本大魅力。
223,血钻,爱德华·兹威克,"['莱昂纳多·迪卡普里奥', '杰曼·翰苏', '詹妮弗·康纳利', '阿诺德·沃斯洛']",美国 / 德国,英语 / 门德语 / 南非荷兰语,8.6,179146,2006-12-08(美国),143 分钟,"['剧情', '惊悚', '冒险']",每个美丽事物背后都是滴血的现实。
224,这个男人来自地球,理查德·沙因克曼,"['大卫·李·史密斯', '托尼·托德', '约翰·比灵斯列', '安妮卡·彼得森']",美国,英语,8.5,232997,2007-11-13(美国),87 分钟,"['剧情', '科幻']",科幻真正的魅力不是视觉效果能取代的。
225,E.T. 外星人,史蒂文·斯皮尔伯格,"['亨利·托马斯', '迪·沃伦斯', '罗伯特·麦克纳夫顿', '德鲁·巴里摩尔']",美国,英语,8.5,199464,1982-05-26(戛纳电影节),115分钟,"['剧情', '科幻']",生病的E.T.皮肤的颜色就像柿子饼。
226,末路狂花,雷德利·斯科特,"['吉娜·戴维斯', '苏珊·萨兰登', '哈威·凯特尔', '迈克尔·马德森']",美国 / 法国,英语,8.7,130421,1991-05-24(美国),130 分钟,"['剧情', '惊悚', '犯罪']",没有了退路，只好飞向自由。
227,2001太空漫游,斯坦利·库布里克,"['凯尔·杜拉', '加里·洛克伍德', '威廉姆·西尔维斯特', '丹尼尔·里希特']",英国 / 美国,英语 / 俄语,8.7,135744,1968-04-02(华盛顿首映),149分钟,"['科幻', '惊悚', '冒险']",现代科幻电影的开山之作，最伟大导演的最伟大影片。
228,聚焦,汤姆·麦卡锡,"['马克·鲁弗洛', '迈克尔·基顿', '瑞秋·麦克亚当斯', '列维·施瑞博尔']",美国,英语,8.8,162853,2015-09-03(威尼斯电影节),128分钟,"['剧情', '传记']",新闻人的理性求真。
229,勇闯夺命岛,迈克尔·贝,"['肖恩·康纳利', '尼古拉斯·凯奇', '艾德·哈里斯', '约翰·斯宾塞']",美国,英语,8.6,173331,1996-06-07(美国),136分钟,"['动作', '冒险']",类型片的极致。
230,变脸,吴宇森,"['约翰·特拉沃尔塔', '尼古拉斯·凯奇', '琼·艾伦', '亚历桑德罗·尼沃拉']",美国,英语 / 拉丁语,8.4,260003,1997-06-27(美国),138分钟,"['动作', '科幻', '惊悚', '犯罪']",当发哥的风衣、墨镜出现在了凯奇身上⋯⋯
231,发条橙,斯坦利·库布里克,"['马尔科姆·麦克道威尔', '帕特里克·马基', '迈克尔·贝茨', '沃伦·克拉克']",英国 / 美国,英语,8.5,226284,1971-12-19(纽约首映),136 分钟,"['剧情', '科幻', '犯罪']",我完全康复了。
232,秒速5厘米,新海诚,"['水桥研二', '近藤好美 ', '尾上绫华', '花村怜美']",日本,日语,8.3,386703,2007-03-03(日本),63分钟,"['剧情', '爱情', '动画']",青春就是放弃和怀念。
233,黄金三镖客,赛尔乔·莱昂内,"['克林特·伊斯特伍德', '埃里·瓦拉赫', '李·范·克里夫', '阿尔多·久弗瑞']",意大利 / 西班牙 / 西德,意大利语 / 英语,9.1,66732,1966-12-23(意大利),161 分钟,"['西部', '冒险']",最棒的西部片。
234,黑鹰坠落,雷德利·斯科特,"['乔什·哈奈特', '伊万·麦克格雷格', '汤姆·塞兹摩尔', '金·寇兹']",美国,英语 / 阿拉伯语 / 索马里语,8.6,156876,2001-12-18(美国),144分钟,"['动作', '历史', '战争']",还原真实而残酷的战争。
235,功夫,周星驰,"['周星驰', '元秋', '元华', '黄圣依']",中国大陆 / 香港,粤语 / 汉语普通话 / 手语,8.3,409815,2004-12-23(中国大陆/香港),100分钟(3D重映),"['喜剧', '动作', '犯罪', '奇幻']",
236,非常嫌疑犯,布莱恩·辛格,"['史蒂芬·鲍德温', '加布里埃尔·伯恩', '本尼西奥·德尔·托罗', '凯文·波拉克']",德国 / 美国,英语 / 匈牙利语 / 西班牙语 / 法语,8.6,152337,1995-01-25(圣丹斯电影节),106分钟,"['剧情', '悬疑', '惊悚', '犯罪']",我不信仰上帝，但我敬畏上帝。
237,卡萨布兰卡,迈克尔·柯蒂兹,"['亨弗莱·鲍嘉', '英格丽·褒曼', '保罗·亨雷德', '克劳德·雷恩斯']",美国,英语 / 法语 / 德语 / 意大利语,8.6,152401,1942-11-26(纽约首映),102分钟,"['剧情', '爱情', '战争']",世界上有那么多女人那么多酒馆，但她偏偏走进我的这家。
238,我爱你,秋昌旼,"['宋在浩', '李顺载', '尹秀晶', '金秀美']",韩国,韩语,9.0,78405,2011-02-17(韩国),118分钟,"['剧情', '爱情']",你要相信，这世上真的有爱存在，不管在什么年纪
239,国王的演讲,汤姆·霍珀,"['科林·费尔斯', '杰弗里·拉什', '海伦娜·伯翰·卡特', '盖·皮尔斯']",英国 / 澳大利亚 / 美国,英语,8.3,415478,2012-02-24(中国大陆),118分钟,"['剧情', '传记', '历史']",皇上无话儿。
240,千钧一发,安德鲁·尼科尔,"['伊桑·霍克', '乌玛·瑟曼', '裘德·洛', '艾伦·阿金']",美国,英语 / 世界语,8.7,120010,1997-10-24(美国),106分钟,"['剧情', '科幻', '惊悚']",一部能引人思考的科幻励志片。
241,美国丽人,萨姆·门德斯,"['凯文·史派西', '安妮特·贝宁', '索拉·伯奇', '韦斯·本特利']",美国,英语,8.5,226397,1999-09-08(洛杉矶首映),122分钟,"['剧情', '爱情', '家庭']",每个人的内心都是深不可测的大海。
242,疯狂的麦克斯4：狂暴之路,乔治·米勒,"['汤姆·哈迪', '查理兹·塞隆', '尼古拉斯·霍尔特', '休·基斯-拜恩']",澳大利亚 / 美国,英语,8.6,270516,2015-05-14(澳大利亚),120分钟,"['动作', '科幻', '冒险']",
243,遗愿清单,罗伯·莱纳,"['杰克·尼科尔森', '摩根·弗里曼', '西恩·海耶斯', '贝弗利·陶德']",美国,英语,8.6,173816,2007-12-25(多伦多电影节),97 分钟,"['剧情', '喜剧', '冒险']",用剩余不多的时间，去燃烧整个生命。
244,奇迹男孩,斯蒂芬·卓博斯基,"['雅各布·特伦布莱', '朱莉娅·罗伯茨', '伊扎贝拉·维多维奇', '欧文·威尔逊']",美国 / 香港,英语,8.6,287351,2018-01-19(中国大陆),113分钟,"['剧情', '家庭', '儿童']",
245,碧海蓝天,吕克·贝松,"['让-马克·巴尔', '让·雷诺', '罗姗娜·阿奎特', '保罗·希纳尔']",法国 / 美国 / 意大利,法语 / 英语 / 意大利语,8.7,120049,1988-05-11(法国),132分钟(法国),"['剧情', '爱情']",在那片深蓝中，感受来自大海的忧伤寂寞与美丽自由。
246,荒岛余生,罗伯特·泽米吉斯,"['汤姆·汉克斯', '海伦·亨特', '克里斯·诺斯', '尼克·西塞']",美国,英语 / 俄语,8.5,173450,2000-12-22(美国),143分钟,"['剧情', '冒险']",一个人的独角戏。
247,驴得水,周申,"['任素汐', '大力', '刘帅良', '裴魁山']",中国大陆,汉语普通话,8.3,460647,2016-10-28(中国大陆),111分钟,"['剧情', '喜剧']",过去的如果就让它过去了，未来只会越来越糟！
248,枪火,杜琪峰,"['吴镇宇', '任达华', '黄秋生', '吕颂贤']",香港,粤语,8.7,126242,1999-11-19(香港),84分钟(香港),"['剧情', '动作', '犯罪']",一群演技精湛的戏骨，奉献出一个精致的黑帮小品，成就杜琪峰群戏的巅峰之作。
249,英国病人,安东尼·明格拉,"['拉尔夫·费因斯', '朱丽叶·比诺什', '威廉·达福', '克里斯汀·斯科特·托马斯']",美国 / 英国,英语 / 德语 / 意大利语 / 阿拉伯语,8.5,204384,1996-12-06(美国),162分钟,"['剧情', '爱情', '战争']","In memory, love lives forever..."
250,荒野生存,西恩·潘,"['埃米尔·赫斯基', '马西娅·盖伊·哈登', '威廉·赫特', '吉娜·马隆']",美国,英语 / 丹麦语,8.6,155079,2007-09-21(美国),148分钟,"['剧情', '传记', '冒险']",出门必备：本草纲目。
